CREATE DATABASE PRODUCTS;
USE PRODUCTS;
CREATE TABLE PRODUCTS_INFO(
ID INT NOT NULL UNIQUE,
PRO_NAME VARCHAR(100)NOT NULL,
BRAND VARCHAR(60),
QUANTITY DOUBLE,
MANUFACTURE_DATE DATE ,
EXPIRE_DATE DATE
);
ALTER TABLE PRODUCTS_INFO ADD COLUMN PRICE INT;
INSERT INTO PRODUCTS_INFO VALUES(1, 'IDLI', 'MAIYAS', 10.00, '2024-04-18', '2024-05-15' );
INSERT INTO PRODUCTS_INFO VALUES(2, 'CRUD', 'NANDINI', 2.00, '2023-11-6', '2024-11-18' );
INSERT INTO PRODUCTS_INFO VALUES(3, 'NODDLES', 'NESTLE', 8.00, '2023-12-10', '2024-01-03' );
INSERT INTO PRODUCTS_INFO VALUES(4, 'DOSA', 'ID', 6.00, '2024-02-12', '2024-10-12' );
INSERT INTO PRODUCTS_INFO VALUES(5, 'RASAM_POWDER', 'MTR', 1.00, '2024-03-08', '2024-09-19' );
UPDATE PRODUCTS_INFO SET PRICE = 120 WHERE ID=1;
UPDATE PRODUCTS_INFO SET PRICE = 200 WHERE ID=2;
UPDATE PRODUCTS_INFO SET PRICE = 300 WHERE ID=3;
UPDATE PRODUCTS_INFO SET PRICE = 150 WHERE ID=4;
UPDATE PRODUCTS_INFO SET PRICE = 120 WHERE ID=5;

SELECT * FROM PRODUCTS_INFO;

SELECT MAX(QUANTITY) FROM PRODUCTS_INFO;
SELECT AVG(PRICE) FROM PRODUCTS_INFO;
SELECT COUNT(EXPIRE_DATE) FROM PRODUCTS_INFO;
SELECT MIN(MANUFACTURE_DATE) FROM PRODUCTS_INFO;
SELECT SUM(PRICE) FROM PRODUCTS_INFO;
SELECT COUNT(*) FROM PRODUCTS_INFO;

SELECT * FROM PRODUCTS_INFO WHERE PRO_NAME IN ('CRUD', 'GHEE');
SELECT * FROM PRODUCTS_INFO WHERE  NOT PRICE =150 ;
SELECT * FROM PRODUCTS_INFO WHERE QUANTITY BETWEEN 1.00 AND 5.00;

SELECT * FROM PRODUCTS_INFO WHERE PRO_NAME LIKE 'I%';
SELECT * FROM PRODUCTS_INFO WHERE PRO_NAME LIKE '%I%';
SELECT * FROM PRODUCTS_INFO WHERE PRO_NAME LIKE '__I%';
SELECT * FROM PRODUCTS_INFO WHERE BRAND LIKE '__I%';
SELECT * FROM PRODUCTS_INFO WHERE PRO_NAME LIKE '%A';

SELECT * FROM PRODUCTS_INFO WHERE BRAND = 'NESTLE'OR BRAND = 'HAKKA_NODDLES';

SELECT * FROM PRODUCTS_INFO WHERE PRICE < 200;
SELECT * FROM PRODUCTS_INFO WHERE PRICE > 250;
SELECT * FROM PRODUCTS_INFO WHERE PRICE <= 300;
SELECT * FROM PRODUCTS_INFO WHERE PRICE >= 200;
SELECT * FROM PRODUCTS_INFO WHERE PRICE <> 150;

SELECT (150+120);

CREATE TABLE ZEPTO(
ORDER_ID INT PRIMARY KEY,
CATEGORY_ITEM VARCHAR(150),    
PRO_NAME VARCHAR(22) NOT NULL,
PRO_DETAILS VARCHAR(150),
PRICE INT
);
SELECT * FROM ZEPTO ;
INSERT INTO ZEPTO VALUES (1, 'VEGTABLES', 'RADDISH', 'Shelf Life : 7 days', 180);
INSERT INTO ZEPTO VALUES (2, 'FRUITS', 'STRAWBEERY', ' Country of Origin : India , Shelf Life : 7 days', 100);                          
INSERT INTO ZEPTO VALUES (3, 'MASALA', 'CHILLI_POWDER', 'Shelf Life : 12 MONTHS', 49);
INSERT INTO ZEPTO VALUES (4, 'RESINS', 'DATES', 'Shelf Life : 180 days', 200);
INSERT INTO ZEPTO VALUES (5, 'CAKE', 'BAKERY', 'Shelf Life : 10 days', 30);


CREATE TABLE ORDER_PRO(
ORDER_ID int primary KEY,
ORDER_DETAILS VARCHAR(200),
ORDER_DATE DATE,
DELIVARY_DATE DATE,
QUANTITY DOUBLE,
FOREIGN KEY (ORDER_ID) REFERENCES ZEPTO (ORDER_ID)
);
SELECT * FROM ORDER_PRO ;
INSERT INTO ORDER_PRO VALUES (1, 'PRICE', '2024-03-11', '2024-03-21', 1.00);
INSERT INTO ORDER_PRO VALUES (2, 'QUANTITY', '2024-02-11', '2024-02-21', 2.00);
INSERT INTO ORDER_PRO VALUES (3, 'PAYMENT', '2024-04-11', '2024-04-21', 3.00);
INSERT INTO ORDER_PRO VALUES (4, 'ADDRESS', '2024-05-11', '2024-05-21', 4.00);
INSERT INTO ORDER_PRO VALUES (5, 'TERMS & CONDITIONS', '2024-06-11', '2024-06-21', 5.00);

CREATE TABLE CUSTOMER(
CUSTOMER_ID INT primary KEY,
ORDER_ID INT NOT NULL UNIQUE ,
CUSTOMER_NAME VARCHAR(50),
CUSTOMER_ADDRESS VARCHAR(90),
CUSTOMER_MAIL_ID VARCHAR(60) ,
CUSTOMER_PHONE_NUMBER INT,
FOREIGN KEY (ORDER_ID) REFERENCES ORDER_PRO (ORDER_ID)
);
SELECT * FROM CUSTOMER;
ALTER TABLE CUSTOMER MODIFY CUSTOMER_PHONE_NUMBER bigint;

INSERT INTO CUSTOMER VALUES (100, 1 , 'MEERA', 'MANGLORE', 'MEE333@GMAIL.COM', 88908104562);
INSERT INTO CUSTOMER VALUES (200, 2 , 'MANVI', 'HUBLI', 'MANU@GMAIL.COM', 7899746549);
INSERT INTO CUSTOMER VALUES (300, 3 , 'KHUSHANI', 'HASSAN', 'KHUSH@GMAIL.COM', 9825439062);
INSERT INTO CUSTOMER VALUES (400, 4 , 'AADHAV', 'BANGLORE', 'ADHV@GMAIL.COM', 6486532876);
INSERT INTO CUSTOMER VALUES (500, 5 , 'RAMYA', 'MYSORE', 'RAMM@GMAIL.COM', 7890467789);

SELECT * FROM ZEPTO AS ZT, ORDER_PRO AS OP, CUSTOMER AS CS WHERE ZT.ORDER_ID = OP.ORDER_ID = CS.ORDER_ID;

UPDATE ORDER_PRO SET ORDER_DETAILS = 'TRACK_ORDER' WHERE ORDER_ID = 4;


SELECT * FROM CUSTOMER WHERE  CUSTOMER_ADDRESS LIKE 'G%';
SELECT * FROM ORDER_PRO WHERE  ORDER_DETAILS LIKE '&Y';


SELECT SUM(PRICE) FROM ZEPTO;
SELECT MAX(QUANTITY) FROM ORDER_PRO;
SELECT MIN(QUANTITY) FROM ORDER_PRO;
SELECT COUNT(*) FROM CUSTOMER;
SELECT AVG(PRICE) FROM ZEPTO; 

